<?xml version="1.0" encoding="UTF-8" ?>
<calculations>
    <calculation displayName="Wavelength from Frequency" methodName="wavelength" formulaImage="wavelength.png">
        <description>
            Calculates wavelength when frequency is known.

            Inputs:
            *   Frequency: f (Hertz)

            Output:
            *   Wavelength: w (Meters)
        </description>
        <input_parameters>
            <parameter paramName="Frequency" inputUnitScale="HERTZ" />
        </input_parameters>
        <output outputName="Wavelength" outputUnitScale="METERS" />
    </calculation>
    <calculation displayName="Frequency from Wavelength" methodName="frequency_wl" formulaImage="frequency_wl.png">
        <description>
            Calculates frequency when wavelength is known.

            Inputs:
            *   Wavelength: w (Meters)

            Output:
            *   Frequency: f (Hertz)
        </description>
        <input_parameters>
            <parameter paramName="Wavelength" inputUnitScale="METERS" />
        </input_parameters>
        <output outputName="Frequency" outputUnitScale="HERTZ" />
    </calculation>
    <calculation displayName="Frequency from Inductance and Inductive Reactance" methodName="frequency_lxl" formulaImage="frequency_lxl.png">
        <description>
            Calculates frequency when inductance and inductive reactance are known.

            Inputs:
            *   Inductance: L (Henries)
            *   Inductive Reactance: Xl (Ohms)

            Output:
            *   Frequency: f (Hertz)
        </description>
        <input_parameters>
            <parameter paramName="Inductance" inputUnitScale="HENRIES" />
            <parameter paramName="Inductive Reactance" inputUnitScale="OHMS" />
        </input_parameters>
        <output outputName="Frequency" outputUnitScale="HERTZ" />
    </calculation>
    <calculation displayName="Frequency from Capacitance and Capacitive Reactance" methodName="frequency_cxc" formulaImage="frequency_cxc.png">
        <description>
            Calculates frequency when capacitance and capacitive reactance are known.

            Inputs:
            *   Capacitance: C (Farads)
            *   Capacitive Reactance: Xc (Ohms)

            Output:
            *   Frequency: f (Hertz)
        </description>
        <input_parameters>
            <parameter paramName="Capacitance" inputUnitScale="FARADS" />
            <parameter paramName="Capacitive Reactance" inputUnitScale="OHMS" />
        </input_parameters>
        <output outputName="Frequency" outputUnitScale="HERTZ" />
    </calculation>
    <calculation displayName="Antenna Length (Quarter Wavelength)" methodName="antenna_length_qw" formulaImage="antenna_length_qw.png">
        <description>
            Calculates optimal quarter wave antenna length to receive input frequency. This is useful when
            designing dipole radio antennae.

            Inputs:
            *   Frequency: f (Hertz)

            Output:
            *   Quarter Wavelength: w (Meters)
        </description>
        <input_parameters>
            <parameter paramName="Frequency" inputUnitScale="HERTZ" />
        </input_parameters>
        <output outputName="Wavelength" outputUnitScale="METERS" />
    </calculation>
    <calculation displayName="Capacitance from Frequency and Capacitive Reactance" methodName="capacitance_fxc" formulaImage="capacitance_fxc.png">
        <description>
            Calculates capacitance when frequency and capacitive reactance are known.

            Inputs:
            *   Frequency: f (Hertz)
            *   Capacitive Reactance: Xc (Ohms)

            Output:
            *   Capacitance: C (Farads)
        </description>
        <input_parameters>
            <parameter paramName="Frequency" inputUnitScale="HERTZ" />
            <parameter paramName="Capacitive Reactance" inputUnitScale="OHMS" />
        </input_parameters>
        <output outputName="Capacitance" outputUnitScale="FARADS" />
    </calculation>
    <calculation displayName="Inductance from Frequency and Inductive Reactance" methodName="inductance_fxl" formulaImage="inductance_fxl.png">
        <description>
            Calculates inductance when frequency and inductive reactance are known.

            Inputs:
            *   Frequency: f (Hertz)
            *   Inductive Reactance: Xl (Ohms)

            Output:
            *   Inductance: L (Henries)
        </description>
        <input_parameters>
            <parameter paramName="Frequency" inputUnitScale="HERTZ" />
            <parameter paramName="Inductive Reactance" inputUnitScale="OHMS" />
        </input_parameters>
        <output outputName="Inductance" outputUnitScale="HENRIES" />
    </calculation>
    <calculation displayName="Inductive Back EMF" methodName="back_emf" formulaImage="back_emf.png">
        <description>
            Calculates back EMF when current stops flowing in an inductor. Large voltages tend to get produced which can damage components unless sufficient protective diodes are used in the circuits.

            Inputs:
            *   Inductance: L (Henries)
            *   Current t1: It1 (Amperes) - Current at T1
            *   Current t2: It2 (Amperes) - Current at T2
            *   Time: t (Seconds) - Elapsed time between T1 and T2

            Output:
            *   Back emf: Vback (Volts)
        </description>
        <input_parameters>
            <parameter paramName="Inductance" inputUnitScale="HENRIES" />
            <parameter paramName="Current t1" inputUnitScale="AMPERES" />
            <parameter paramName="Current t2" inputUnitScale="AMPERES" />
            <parameter paramName="Time" inputUnitScale="SECONDS" />
        </input_parameters>
        <output outputName="Back EMF" outputUnitScale="VOLTS" />
    </calculation>
    <calculation displayName="Inductive Reactance from Frequency and Inductance" methodName="reactance_inductive_fl" formulaImage="reactance_inductive_fl.png">
        <description>
            Calculates inductive reactance when frequency and inductance are known.

            Inputs:
            *   Frequency: f (Hertz)
            *   Inductance: L (Henries)

            Output:
            *   Inductive Reactance: Xl (Ohms)
        </description>
        <input_parameters>
            <parameter paramName="Inductance" inputUnitScale="HENRIES" />
            <parameter paramName="Frequency" inputUnitScale="HERTZ" />
        </input_parameters>
        <output outputName="Inductive Reactance" outputUnitScale="OHMS" />
    </calculation>
    <calculation displayName="Capacitive Reactance from Frequency and Capacitance" methodName="reactance_capacitive_fc" formulaImage="reactance_capacitive_fc.png">
        <description>
            Calculates capacitive reactance when frequency and capacitance are known.

            Inputs:
            *   Frequency: f (Hertz)
            *   Capacitance: C (Farads)

            Output:
            *   Capacitive Reactance: Xc (Ohms)
        </description>
        <input_parameters>
            <parameter paramName="Capacitance" inputUnitScale="FARADS" />
            <parameter paramName="Frequency" inputUnitScale="HERTZ" />
        </input_parameters>
        <output outputName="Capacitive Reactance" outputUnitScale="OHMS" />
    </calculation>
    <calculation displayName="Capacitive Reactance from Impedance and Resistance" methodName="reactance_capacitive_zr" formulaImage="reactance_capacitive_zr.png">
        <description>
            Calculates capacitive reactance when impedance and resistance are known.

            Inputs:
            *   Impedance: Z (Ohms)
            *   Resistance: R (Ohms)

            Output:
            *   Capacitive Reactance: Xc (Ohms)
        </description>
        <input_parameters>
            <parameter paramName="Impedance" inputUnitScale="OHMS" />
            <parameter paramName="Resistance" inputUnitScale="OHMS" />
        </input_parameters>
        <output outputName="Capacitive Reactance" outputUnitScale="OHMS" />
    </calculation>
    <calculation displayName="Power from Voltage and Resistance" methodName="power_er" formulaImage="power_er.png">
        <description>
            Calculates power based on voltage and resistance values using Ohm's Law.

            Inputs:
            *   Voltage: V (Volts)
            *   Resistance: R (Ohms)

            Output:
            *   Power: P (Watts)
        </description>
        <input_parameters>
            <parameter paramName="Voltage" inputUnitScale="VOLTS" />
            <parameter paramName="Resistance" inputUnitScale="OHMS" />
        </input_parameters>
        <output outputName="Power" outputUnitScale="WATTS" />
    </calculation>
    <calculation displayName="Power from Current and Voltage" methodName="power_ie" formulaImage="power_ie.png">
        <description>
            Calculates power based on current and voltage values using Ohm's Law.

            Inputs:
            *   Current: I (Amperes)
            *   Voltage: V (Volts)

            Output:
            *   Power: P (Watts)
        </description>
        <input_parameters>
            <parameter paramName="Current" inputUnitScale="AMPERES" />
            <parameter paramName="Voltage" inputUnitScale="VOLTS" />
        </input_parameters>
        <output outputName="Power" outputUnitScale="WATTS" />
    </calculation>
    <calculation displayName="Power from Current and Resistance" methodName="power_ir" formulaImage="power_ir.png">
        <description>
            Calculates power based on current and resistance values using Ohm's Law. P

            Inputs:
            *   Current: I (Amperes)
            *   Resistance: R (Ohms)

            Output:
            *   Power: P (Watts)
        </description>
        <input_parameters>
            <parameter paramName="Current" inputUnitScale="AMPERES" />
            <parameter paramName="Resistance" inputUnitScale="OHMS" />
        </input_parameters>
        <output outputName="Power" outputUnitScale="WATTS" />
    </calculation>
    <calculation displayName="Current from Power and Voltage" methodName="current_pe" formulaImage="current_pe.png">
        <description>
            Calculates current based on power and voltage values using Ohm's Law.

            Inputs:
            *   Power: P (Watts)
            *   Voltage: V (Volts)

            Output:
            *   Current: I (Amperes)
        </description>
        <input_parameters>
            <parameter paramName="Power" inputUnitScale="WATTS" />
            <parameter paramName="Voltage" inputUnitScale="VOLTS" />
        </input_parameters>
        <output outputName="Current" outputUnitScale="AMPERES" />
    </calculation>
    <calculation displayName="Current from Power and Resistance" methodName="current_pr" formulaImage="current_pr.png">
        <description>
            Calculates current based on power and resistance values using Ohm's Law.

            Inputs:
            *   Power: P (Watts)
            *   Resistance: R (Ohms)

            Output:
            *   Current: I (Amperes)
        </description>
        <input_parameters>
            <parameter paramName="Power" inputUnitScale="WATTS" />
            <parameter paramName="Resistance" inputUnitScale="OHMS" />
        </input_parameters>
        <output outputName="Current" outputUnitScale="AMPERES" />
    </calculation>
    <calculation displayName="Current from Voltage and Resistance" methodName="current_er" formulaImage="current_er.png">
        <description>
            Calculates current based on voltage and resistance values using Ohm's Law.

            Inputs:
            *   Voltage: V (Volts)
            *   Resistance: R (Ohms)

            Output:
            *   Current: I (Amperes)
        </description>
        <input_parameters>
            <parameter paramName="Voltage" inputUnitScale="VOLTS" />
            <parameter paramName="Resistance" inputUnitScale="OHMS" />
        </input_parameters>
        <output outputName="Current" outputUnitScale="AMPERES" />
    </calculation>
    <calculation displayName="Voltage from Power and Current" methodName="voltage_pi" formulaImage="voltage_pi.png">
        <description>
            Calculates voltage based on power and current values using Ohm's Law.

            Inputs:
            *   Power: P (Watts)
            *   Current: I (Amperes)

            Output:
            *   Voltage: V (Volts)
        </description>
        <input_parameters>
            <parameter paramName="Power" inputUnitScale="WATTS" />
            <parameter paramName="Current" inputUnitScale="AMPERES" />
        </input_parameters>
        <output outputName="Voltage" outputUnitScale="VOLTS" />
    </calculation>
    <calculation displayName="Voltage from Power and Resistance" methodName="voltage_pr" formulaImage="voltage_pr.png">
        <description>
            Calculates voltage based on power and resistance values using Ohm's Law.

            Inputs:
            *   Power: P (Watts)
            *   Resistance: R (Ohms)

            Output:
            *   Voltage: V (Volts)
        </description>
        <input_parameters>
            <parameter paramName="Power" inputUnitScale="WATTS" />
            <parameter paramName="Resistance" inputUnitScale="OHMS" />
        </input_parameters>
        <output outputName="Voltage" outputUnitScale="VOLTS" />
    </calculation>
    <calculation displayName="Voltage from Current and Resistance" methodName="voltage_ir" formulaImage="voltage_ir.png">
        <description>
            Calculates voltage based on current and resistance values using Ohm's Law.

            Inputs:
            *   Current: I (Amperes)
            *   Resistance: R (Ohms)

            Output:
            *   Voltage: V (Volts)
        </description>
        <input_parameters>
            <parameter paramName="Current" inputUnitScale="AMPERES" />
            <parameter paramName="Resistance" inputUnitScale="OHMS" />
        </input_parameters>
        <output outputName="Voltage" outputUnitScale="VOLTS" />
    </calculation>
    <calculation displayName="Resistance from Power and Voltage" methodName="resistance_pe" formulaImage="resistance_pe.png">
        <description>
            Calculates resistance based on power and voltage values using Ohm's Law.

            Inputs:
            *   Power: P (Watts)
            *   Voltage: V (Volts)

            Output:
            *   Resistance: R (Ohms)
        </description>
        <input_parameters>
            <parameter paramName="Power" inputUnitScale="WATTS" />
            <parameter paramName="Voltage" inputUnitScale="VOLTS" />
        </input_parameters>
        <output outputName="Resistance" outputUnitScale="OHMS" />
    </calculation>
    <calculation displayName="Resistance from Power and Current" methodName="resistance_pi" formulaImage="resistance_pi.png">
        <description>
            Calculates resistance based on power and current values using Ohm's Law.

            Inputs:
            *   Power: P (Watts)
            *   Current: I (Amperes)

            Output:
            *   Resistance: R (Ohms)
        </description>
        <input_parameters>
            <parameter paramName="Power" inputUnitScale="WATTS" />
            <parameter paramName="Current" inputUnitScale="AMPERES" />
        </input_parameters>
        <output outputName="Resistance" outputUnitScale="OHMS" />
    </calculation>
    <calculation displayName="Resistance from Current and Voltage" methodName="resistance_ie" formulaImage="resistance_ie.png">
        <description>
            Calculates resistance based on current and voltage values using Ohm's Law.

            Inputs:
            *   Current: I (Amperes)
            *   Voltage: V (Volts)

            Output:
            *   Resistance: R (Ohms)
        </description>
        <input_parameters>
            <parameter paramName="Current" inputUnitScale="AMPERES" />
            <parameter paramName="Voltage" inputUnitScale="VOLTS" />
        </input_parameters>
        <output outputName="Resistance" outputUnitScale="OHMS" />
    </calculation>
    <calculation displayName="Resistance from Impedance and Capacitive Reactance" methodName="resistance_zxc" formulaImage="resistance_zxc.png">
        <description>
            Calculates resistance based on impedance and capacitive reactance values.

            Inputs:
            *   Impedance: Z (Ohms)
            *   Capacitive Reactance: Xc (Ohms)

            Output:
            *   Resistance: R (Ohms)
        </description>
        <input_parameters>
            <parameter paramName="Impedance" inputUnitScale="OHMS" />
            <parameter paramName="Capacitive Reactance" inputUnitScale="OHMS" />
        </input_parameters>
        <output outputName="Resistance" outputUnitScale="OHMS" />
    </calculation>
    <calculation displayName="Voltage Divider from Resistance" methodName="voltage_divider_r" formulaImage="voltage_divider_r.png">
        <description>
            Calculates output voltage when two resistors are used as a voltage divider. The output voltage will always be lower than the input voltage.

            Inputs:
            *   Voltage In: Vin (Volts)
            *   Resistance 1: R1 (Ohms)
            *   Resistance 2: R2 (Ohms)

            Output:
            *   Voltage Out: Vout (Volts)
        </description>
        <input_parameters>
            <parameter paramName="Voltage In" inputUnitScale="VOLTS" />
            <parameter paramName="Resistance 1" inputUnitScale="OHMS" />
            <parameter paramName="Resistance 2" inputUnitScale="OHMS" />
        </input_parameters>
        <output outputName="Voltage Out" outputUnitScale="VOLTS" />
    </calculation>
    <calculation displayName="Total Current in a Series Circuit" methodName="total_series_current" formulaImage="total_series_current.png">
        <description>
            Takes up to five current measurements in a series circuit and returns the total current.

            Inputs:
            *   Current 1 - 5: I1 - I5 (Amperes)

            Output:
            *   Total Current: It (Amperes)
        </description>
        <input_parameters>
            <parameter paramName="Current 1" inputUnitScale="AMPERES" />
            <parameter paramName="Current 2" inputUnitScale="AMPERES" />
            <parameter paramName="Current 3" inputUnitScale="AMPERES" />
            <parameter paramName="Current 4" inputUnitScale="AMPERES" />
            <parameter paramName="Current 5" inputUnitScale="AMPERES" />
        </input_parameters>
        <output outputName="Total Current" outputUnitScale="AMPERES" />
    </calculation>
    <calculation displayName="Total Resistance in a Series Circuit" methodName="total_series_resistance" formulaImage="total_series_resistance.png">
        <description>
            Takes up to five resistance measurements in a series circuit and returns the total resistance.

            Inputs:
            *   Resistance 1 - 5: R1 - R5 (Ohms)

            Output:
            *   Total Resistance: Rt (Ohms)
        </description>
        <input_parameters>
            <parameter paramName="Resistance 1" inputUnitScale="OHMS" />
            <parameter paramName="Resistance 2" inputUnitScale="OHMS" />
            <parameter paramName="Resistance 3" inputUnitScale="OHMS" />
            <parameter paramName="Resistance 4" inputUnitScale="OHMS" />
            <parameter paramName="Resistance 5" inputUnitScale="OHMS" />
        </input_parameters>
        <output outputName="Total Resistance" outputUnitScale="OHMS" />
    </calculation>
    <calculation displayName="Total Voltage in a Series Circuit" methodName="total_series_voltage" formulaImage="total_series_voltage.png">
        <description>
             Takes up tp five voltage measurements in a series circuit and returns the total voltage.

            Inputs:
            *   Voltage 1 - 5: V1 - V5 (Volts)

            Output:
            *   Total Voltage: Vt (Volts)
        </description>
        <input_parameters>
            <parameter paramName="Voltage 1" inputUnitScale="VOLTS" />
            <parameter paramName="Voltage 2" inputUnitScale="VOLTS" />
            <parameter paramName="Voltage 3" inputUnitScale="VOLTS" />
            <parameter paramName="Voltage 4" inputUnitScale="VOLTS" />
            <parameter paramName="Voltage 5" inputUnitScale="VOLTS" />
        </input_parameters>
        <output outputName="Total Voltage" outputUnitScale="VOLTS" />
    </calculation>
    <calculation displayName="Total Capacitance in a Series Circuit" methodName="total_series_capacitance" formulaImage="total_series_capacitance.png">
        <description>
            Takes up to five capacitance measurements in a series circuit and returns the total capacitance.

            Inputs:
            *   Capacitance 1 - 5: C1 - C5 (Farads)

            Output:
            *   Total Capacitance: Ct (Farads)
        </description>
        <input_parameters>
            <parameter paramName="Capacitance 1" inputUnitScale="FARADS" />
            <parameter paramName="Capacitance 2" inputUnitScale="FARADS" />
            <parameter paramName="Capacitance 3" inputUnitScale="FARADS" />
            <parameter paramName="Capacitance 4" inputUnitScale="FARADS" />
            <parameter paramName="Capacitance 5" inputUnitScale="FARADS" />
        </input_parameters>
        <output outputName="Total Capacitance" outputUnitScale="FARADS" />
    </calculation>
    <calculation displayName="Total Inductance in a Series Circuit" methodName="total_series_inductance" formulaImage="total_series_inductance.png">
        <description>
            Takes up to five inductance measurements in a series circuit and returns the total inductance.

            Inputs:
            *   Inductance 1 - 5: L1 - L5 (Henries)

            Output:
            *   Total Inductance: Lt (Henries)
        </description>
        <input_parameters>
            <parameter paramName="Inductance 1" inputUnitScale="HENRIES" />
            <parameter paramName="Inductance 2" inputUnitScale="HENRIES" />
            <parameter paramName="Inductance 3" inputUnitScale="HENRIES" />
            <parameter paramName="Inductance 4" inputUnitScale="HENRIES" />
            <parameter paramName="Inductance 5" inputUnitScale="HENRIES" />
        </input_parameters>
        <output outputName="Total Inductance" outputUnitScale="HENRIES" />
    </calculation>
    <calculation displayName="Total Current in a Parallel Circuit" methodName="total_parallel_current" formulaImage="total_parallel_current.png">
        <description>
            Takes up to  five current measurements in a parallel circuit and returns the total current.

            Inputs:
            *   Current 1 - 5: I1 - I5 (Amperes)

            Output:
            *   Total Current: It (Amperes)
        </description>
        <input_parameters>
            <parameter paramName="Current 1" inputUnitScale="AMPERES" />
            <parameter paramName="Current 2" inputUnitScale="AMPERES" />
            <parameter paramName="Current 3" inputUnitScale="AMPERES" />
            <parameter paramName="Current 4" inputUnitScale="AMPERES" />
            <parameter paramName="Current 5" inputUnitScale="AMPERES" />
        </input_parameters>
        <output outputName="Total Current" outputUnitScale="AMPERES" />
    </calculation>
    <calculation displayName="Total Resistance in a Parallel Circuit" methodName="total_parallel_resistance" formulaImage="total_parallel_resistance.png">
        <description>
            Takes up to five resistance measurements in a parallel circuit and returns the total resistance.

            Inputs:
            *   Resistance 1 - 5: R1 - R5 (Ohms)

            Output:
            *   Total Resistance: Rt (Ohms)
        </description>
        <input_parameters>
            <parameter paramName="Resistance 1" inputUnitScale="OHMS" />
            <parameter paramName="Resistance 2" inputUnitScale="OHMS" />
            <parameter paramName="Resistance 3" inputUnitScale="OHMS" />
            <parameter paramName="Resistance 4" inputUnitScale="OHMS" />
            <parameter paramName="Resistance 5" inputUnitScale="OHMS" />
        </input_parameters>
        <output outputName="Total Resistance" outputUnitScale="OHMS" />
    </calculation>
    <calculation displayName="Total Voltage in a Parallel Circuit" methodName="total_parallel_voltage" formulaImage="total_parallel_voltage.png">
        <description>
            Takes up to five voltage measurements in a parallel circuit and returns the total voltage.

            Inputs:
            *   Voltage 1 - 5: V1 - V5 (Volts)

            Output:
            *   Total Voltage: Vt (Volts)
        </description>
        <input_parameters>
            <parameter paramName="Voltage 1" inputUnitScale="VOLTS" />
            <parameter paramName="Voltage 2" inputUnitScale="VOLTS" />
            <parameter paramName="Voltage 3" inputUnitScale="VOLTS" />
            <parameter paramName="Voltage 4" inputUnitScale="VOLTS" />
            <parameter paramName="Voltage 5" inputUnitScale="VOLTS" />
        </input_parameters>
        <output outputName="Total Voltage" outputUnitScale="VOLTS" />
    </calculation>
    <calculation displayName="Total Capacitance in a Parallel Circuit" methodName="total_parallel_capacitance" formulaImage="total_parallel_capacitance.png">
        <description>
            Takes up to five capacitance measurements in a parallel circuit and returns the total capacitance.

            Inputs:
            *   Capacitance 1 - 5: C1 - C5 (Farads)

            Output:
            *   Total Capacitance: Ct (Farads)
        </description>
        <input_parameters>
            <parameter paramName="Capacitance 1" inputUnitScale="FARADS" />
            <parameter paramName="Capacitance 2" inputUnitScale="FARADS" />
            <parameter paramName="Capacitance 3" inputUnitScale="FARADS" />
            <parameter paramName="Capacitance 4" inputUnitScale="FARADS" />
            <parameter paramName="Capacitance 5" inputUnitScale="FARADS" />
        </input_parameters>
        <output outputName="Total Capacitance" outputUnitScale="FARADS" />
    </calculation>
    <calculation displayName="Total Inductance in a Parallel Circuit" methodName="total_parallel_inductance" formulaImage="total_parallel_inductance.png">
        <description>
            Takes up to five inductance measurements in a parallel circuit and returns the total inductance.

            Inputs:
            *   Inductance 1 - 5: L1 - L5 (Henries)

            Output:
            *   Total Inductance: Lt (Henries)
        </description>
        <input_parameters>
            <parameter paramName="Inductance 1" inputUnitScale="HENRIES" />
            <parameter paramName="Inductance 2" inputUnitScale="HENRIES" />
            <parameter paramName="Inductance 3" inputUnitScale="HENRIES" />
            <parameter paramName="Inductance 4" inputUnitScale="HENRIES" />
            <parameter paramName="Inductance 5" inputUnitScale="HENRIES" />
        </input_parameters>
        <output outputName="Total Inductance" outputUnitScale="HENRIES" />
    </calculation>
    <calculation displayName="RMS Voltage from Peak Voltage (SINE)" methodName="voltage_rms_from_peak" formulaImage="voltage_rms_from_peak.png">
        <description>
            Calculates RMS voltage from peak voltage for AC sine waves.

            Input:
            *   Peak Voltage: Vp (Volts)

            Output:
            *   RMS Voltage: Vrms (Volts)
        </description>
        <input_parameters>
            <parameter paramName="Peak Voltage" inputUnitScale="VOLTS" />
        </input_parameters>
        <output outputName="RMS Voltage" outputUnitScale="VOLTS" />
    </calculation>
    <calculation displayName="RMS Voltage from Peak-to-Peak Voltage (SINE)" methodName="voltage_rms_from_peak_to_peak" formulaImage="voltage_rms_from_peak_to_peak.png">
        <description>
            Calculates RMS voltage from peak to peak voltage for AC sine waves.

            Input:
            *   Peak-to-Peak Voltage: Vpp (Volts)

            Output:
            *   RMS Voltage: Vrms (Volts)
        </description>
        <input_parameters>
            <parameter paramName="Peak-to-Peak Voltage" inputUnitScale="VOLTS" />
        </input_parameters>
        <output outputName="RMS Voltage" outputUnitScale="VOLTS" />
    </calculation>
    <calculation displayName="RMS Voltage from Average Voltage (SINE)" methodName="voltage_rms_from_average" formulaImage="voltage_rms_from_average.png">
        <description>
            Calculates RMS voltage from average voltage for AC sine waves.

            Input:
            *   Average Voltage: Vav (Volts)

            Output:
            *   RMS Voltage: Vrms (Volts)
        </description>
        <input_parameters>
            <parameter paramName="Average Voltage" inputUnitScale="VOLTS" />
        </input_parameters>
        <output outputName="RMS Voltage" outputUnitScale="VOLTS" />
    </calculation>
    <calculation displayName="Average Voltage from Peak Voltage (SINE)" methodName="voltage_average_from_peak" formulaImage="voltage_average_from_peak.png">
        <description>
            Calculates average voltage from peak voltage for AC sine waves.

            Input:
            *   Peak Voltage: Vp (Volts)

            Output:
            *   Average Voltage: Vav (Volts)
        </description>
        <input_parameters>
            <parameter paramName="Peak Voltage" inputUnitScale="VOLTS" />
        </input_parameters>
        <output outputName="Average Voltage" outputUnitScale="VOLTS" />
    </calculation>
    <calculation displayName="Average Voltage from Peak-to-Peak Voltage (SINE)" methodName="voltage_average_from_peak_to_peak" formulaImage="voltage_average_from_peak_to_peak.png">
        <description>
            Calculates average voltage from peak to peak voltage for AC sine waves.

            Input:
            *   Peak-to-Peak Voltage: Vpp (Volts)

            Output:
            *   Average Voltage: Vav (Volts)
        </description>
        <input_parameters>
            <parameter paramName="Peak-to-Peak Voltage" inputUnitScale="VOLTS" />
        </input_parameters>
        <output outputName="Average Voltage" outputUnitScale="VOLTS" />
    </calculation>
    <calculation displayName="Average Voltage from RMS Voltage (SINE)" methodName="voltage_average_from_rms" formulaImage="voltage_average_from_rms.png">
        <description>
            Calculates average voltage from RMS voltage for AC sine waves.

            Input:
            *   RMS Voltage: Vrms (Volts)

            Output:
            *   Average Voltage: Vav (Volts)
        </description>
        <input_parameters>
            <parameter paramName="RMS Voltage" inputUnitScale="VOLTS" />
        </input_parameters>
        <output outputName="Average Voltage" outputUnitScale="VOLTS" />
    </calculation>
    <calculation displayName="Peak Voltage from Peak-to-Peak Voltage (SINE)" methodName="voltage_peak_from_peak_to_peak" formulaImage="voltage_peak_from_peak_to_peak.png">
        <description>
            Calculates peak voltage from peak to peak voltage for AC sine waves.

            Input:
            *   Peak-to-Peak Voltage: Vpp (Volts)

            Output:
            *   Peak Voltage: Vp (Volts)
        </description>
        <input_parameters>
            <parameter paramName="Peak-to-Peak Voltage" inputUnitScale="VOLTS" />
        </input_parameters>
        <output outputName="Peak Voltage" outputUnitScale="VOLTS" />
    </calculation>
    <calculation displayName="Peak Voltage from RMS Voltage (SINE)" methodName="voltage_peak_from_rms" formulaImage="voltage_peak_from_rms.png">
        <description>
            Calculates peak voltage from RMS voltage for AC sine waves.

            Input:
            *   RMS Voltage: Vrms (Volts)

            Output:
            *   Peak Voltage: Vp (Volts)
        </description>
        <input_parameters>
            <parameter paramName="RMS Voltage" inputUnitScale="VOLTS" />
        </input_parameters>
        <output outputName="Peak Voltage" outputUnitScale="VOLTS" />
    </calculation>
    <calculation displayName="Peak Voltage from Average Voltage (SINE)" methodName="voltage_peak_from_average" formulaImage="voltage_peak_from_average.png">
        <description>
            Calculates peak voltage from average voltage for AC sine waves.

            Input:
            *   Average Voltage: Vav (Volts)

            Output:
            *   Peak Voltage: Vp (Volts)
        </description>
        <input_parameters>
            <parameter paramName="Average Voltage" inputUnitScale="VOLTS" />
        </input_parameters>
        <output outputName="Peak Voltage" outputUnitScale="VOLTS" />
    </calculation>
    <calculation displayName="Peak-to-Peak Voltage from Average Voltage (SINE)" methodName="voltage_peak_to_peak_from_average" formulaImage="voltage_peak_to_peak_from_average.png">
        <description>
            Calculates peak to peak voltage from average voltage for AC sine waves.

            Input:
            *   Average Voltage: Vav (Volts)

            Output:
            *   Peak-to-Peak Voltage: Vpp (Volts)
        </description>
        <input_parameters>
            <parameter paramName="Average Voltage" inputUnitScale="VOLTS" />
        </input_parameters>
        <output outputName="Peak-to-Peak Voltage" outputUnitScale="VOLTS" />
    </calculation>
    <calculation displayName="Peak-to-Peak Voltage from RMS Voltage (SINE)" methodName="voltage_peak_to_peak_from_rms" formulaImage="voltage_peak_to_peak_from_rms.png">
        <description>
            Calculates peak to peak voltage from RMS voltage for AC sine waves.

            Input:
            *   RMS Voltage: Vrms (Volts)

            Output:
            *   Peak-to-Peak Voltage: Vpp (Volts)
        </description>
        <input_parameters>
            <parameter paramName="RMS Voltage" inputUnitScale="VOLTS" />
        </input_parameters>
        <output outputName="Peak-to-Peak Voltage" outputUnitScale="VOLTS" />
    </calculation>
    <calculation displayName="Peak-to-Peak Voltage from Peak Voltage (SINE)" methodName="voltage_peak_to_peak_from_peak" formulaImage="voltage_peak_to_peak_from_peak.png">
        <description>
            Calculates peak to peak voltage from peak voltage for AC sine waves.

            Input:
            *   Peak Voltage: Vp (Volts)

            Output:
            *   Peak-to-Peak Voltage: Vpp (Volts)
        </description>
        <input_parameters>
            <parameter paramName="Peak Voltage" inputUnitScale="VOLTS" />
        </input_parameters>
        <output outputName="Peak-to-Peak Voltage" outputUnitScale="VOLTS" />
    </calculation>
    <calculation displayName="Voltage Divider from Capacitance" methodName="voltage_divider_c" formulaImage="voltage_divider_c.png">
        <description>
            Calculates output voltage when a capacitor is used as a voltage divider.

            Inputs:
            *   Voltage In: Vin (Volts)
            *   Impedance: Z (Ohms)
            *   Capacitive Reactance: Xc (Ohms)

            Output:
            *   Voltage Out: Vout (Volts)
        </description>
        <input_parameters>
            <parameter paramName="Voltage In" inputUnitScale="VOLTS" />
            <parameter paramName="Impedance" inputUnitScale="OHMS" />
            <parameter paramName="Capacitive Reactance" inputUnitScale="OHMS" />
        </input_parameters>
        <output outputName="Voltage Out" outputUnitScale="VOLTS" />
    </calculation>
    <calculation displayName="Impedance from an RC Circuit" methodName="impedance_rc" formulaImage="impedance_rc.png">
        <description>
            Calculate impedance in an RC (resistor capacitor) circuit.

            Inputs:
            *   Resistance: R (Ohms)
            *   Capacitive Reactance: Xc (Ohms).

            Output:
            *   Impedance: Z (Ohms)
        </description>
        <input_parameters>
            <parameter paramName="Resistance" inputUnitScale="OHMS" />
            <parameter paramName="Capacitive Reactance" inputUnitScale="OHMS" />
        </input_parameters>
        <output outputName="Impedance" outputUnitScale="OHMS" />
    </calculation>
    <calculation displayName="Impedance from an RCL Circuit" methodName="impedance_rcl" formulaImage="impedance_rcl.png">
        <description>
            Calculate impedance in an RCL (resistor capacitor inductor) circuit.

            Inputs:
            *   Resistance: R (Ohms)
            *   Capacitive Reactance: Xc (Ohms)
            *   Inductive Reactance: Xl (Ohms)

            Output:
            *   Impedance: Z (Ohms)
        </description>
        <input_parameters>
            <parameter paramName="Resistance" inputUnitScale="OHMS" />
            <parameter paramName="Capacitive Reactance" inputUnitScale="OHMS" />
            <parameter paramName="Inductive Reactance" inputUnitScale="OHMS" />
        </input_parameters>
        <output outputName="Impedance" outputUnitScale="OHMS" />
    </calculation>
    <calculation displayName="Impedance Phase Angle from an RCL Circuit" methodName="impedance_rcl_phase_angle" formulaImage="impedance_rcl_phase_angle.png">
        <description>
            Calculates the phase angle (Degrees) for impedance vectors in an RCL (resistor capacitor inductor) circuit.

            Inputs:
            *   Resistance: R (Ohms)
            *   Capacitive Reactance: Xc (Ohms)
            *   Inductive Reactance: Xl (Ohms)

            Output:
            *   Phase Angle: theta (Degrees)
        </description>
        <input_parameters>
            <parameter paramName="Resistance" inputUnitScale="OHMS" />
            <parameter paramName="Capacitive Reactance" inputUnitScale="OHMS" />
            <parameter paramName="Inductive Reactance" inputUnitScale="OHMS" />
        </input_parameters>
        <output outputName="Phase Angle" outputUnitScale="DEGREES" />
    </calculation>
    <calculation displayName="Gain Ratio for Power" methodName="gain" formulaImage="gain_ratio_power.png">
        <description>
            Calculates the gain ratio of power.  If greater than 1 it is an amplification, and if less than 1 it is an attenuation.

            Inputs:
            *   Input Power: Pin (Watts)
            *   Output Power: Pout (Watts)

            Output:
            *   Gain: A (ratio)
        </description>
        <input_parameters>
            <parameter paramName="Input Power" inputUnitScale="WATTS" />
            <parameter paramName="Output Power" inputUnitScale="WATTS" />
        </input_parameters>
        <output outputName="Gain" outputUnitScale="RATIO" />
    </calculation>
    <calculation displayName="Gain Ratio for Voltage" methodName="gain" formulaImage="gain_ratio_voltage.png">
        <description>
            Calculates the gain ratio of voltage.  If greater than 1 it is an amplification,
            and if less than 1 it is an attenuation.

            Inputs:
            *   Input Voltage: Vin (Volts)
            *   Output Voltage: Vout (Volts)

            Output:
            *   Gain: A (ratio)
        </description>
        <input_parameters>
            <parameter paramName="Input Voltage" inputUnitScale="VOLTS" />
            <parameter paramName="Output Voltage" inputUnitScale="VOLTS" />
        </input_parameters>
        <output outputName="Gain" outputUnitScale="RATIO" />
    </calculation>
    <calculation displayName="Gain Ratio for Current" methodName="gain" formulaImage="gain_ratio_current.png">
        <description>
            Calculates the gain ratio of current.  If greater than 1 it is an amplification, and if less than 1 it is an attenuation.

            Inputs:
            *   Input Current: Iin (Amperes)
            *   Output Current: Iout (Amperes)

            Output:
            *   Gain: A (ratio)
        </description>
        <input_parameters>
            <parameter paramName="Input Current" inputUnitScale="AMPERES" />
            <parameter paramName="Output Current" inputUnitScale="AMPERES" />
        </input_parameters>
        <output outputName="Gain" outputUnitScale="RATIO" />
    </calculation>
    <calculation displayName="Gain (dB) for Current" methodName="gain_db" formulaImage="gain_db_current.png">
        <description>
            Calculates the dB gain of current. If positive it is an amplification, and if negative it is an attenuation.

            Inputs:
            *   Input Current: Iin (Amperes)
            *   Output Current: Iout (Amperes)

            Output:
            *   Gain: A (deciBels)
        </description>
        <input_parameters>
            <parameter paramName="Input Current" inputUnitScale="AMPERES" />
            <parameter paramName="Output Current" inputUnitScale="AMPERES" />
        </input_parameters>
        <output outputName="Gain" outputUnitScale="DECIBELS" />
    </calculation>
    <calculation displayName="Gain (dB) for Voltage" methodName="gain_db" formulaImage="gain_db_voltage.png">
        <description>
            Calculates the dB gain of voltage. If positive it is an amplification, and if negative it is an attenuation.

            Inputs:
            *   Input Voltage: Vin (Volts)
            *   Output Voltage: Vout (Volts)

            Output:
            *   Gain: A (deciBels)
        </description>
        <input_parameters>
            <parameter paramName="Input Voltage" inputUnitScale="VOLTS" />
            <parameter paramName="Output Voltage" inputUnitScale="VOLTS" />
        </input_parameters>
        <output outputName="Gain" outputUnitScale="DECIBELS" />
    </calculation>
    <calculation displayName="Gain (dB) for Power" methodName="gain_db_power" formulaImage="gain_db_power.png">
        <description>
            Calculates the dB gain of power. If positive it is an amplification, and if negative it is an attenuation.

            Inputs:
            *   Input Power: Pin (Watts)
            *   Output Power: Pout (Watts)

            Output:
            *   Power Gain: A (deciBels)
        </description>
        <input_parameters>
            <parameter paramName="Input Power" inputUnitScale="WATTS" />
            <parameter paramName="Output Power" inputUnitScale="WATTS" />
        </input_parameters>
        <output outputName="Gain" outputUnitScale="DECIBELS" />
    </calculation>
</calculations>
